k,x,y,z,logdet_all_xy,gdop_all_xy,rank_all_xy,sigma_x_all,sigma_y_all,best3_cfg,logdet_best3_xy,gdop_best3_xy,rank_best3_xy,sigma_x_best3,sigma_y_best3,best2_cfg,logdet_best2_xy,gdop_best2_xy,rank_best2_xy,sigma_x_best2,sigma_y_best2
0,220.0,-230.0,-5.0,3.4300676058958137,3.598953951598118,2,3.2149991407951766,1.61748263372748,0-1-3,3.13284411300331,3.6161662862391846,2,3.2290333079874833,1.627882829211091,1-3,2.6504206482656203,3.7580229861865644,2,3.360757092575225,1.6816802696743234
10,219.9786164209845,-197.9847367657876,-5.386666666666667,3.315872365312,3.810433326315604,2,3.451414872294237,1.6146632818029756,0-1-3,3.0154042305648625,3.8348782600771236,2,3.472096695116798,1.62813875617871,1-3,2.5247875400583935,4.001684776772274,2,3.628149208185632,1.68819855935045
20,219.03752263322056,-193.0106415180208,-6.3533333333333335,3.3001682124567973,3.8404261152734462,2,3.487988851615955,1.6071112338220728,0-1-3,2.9989848557530845,3.8664585874482644,2,3.5101510245148004,1.6212161464623165,1-3,2.5066753979405165,4.0380794185570945,2,3.6709715237363394,1.6822762741272024
30,216.8659475994302,-188.38233192188403,-7.32,3.287851752677115,3.8640910234442405,2,3.5217195451520564,1.5901858013315142,0-1-3,2.98569786211044,3.892184766802466,2,3.545816023266906,1.6050828601891027,1-3,2.4911407710114766,4.069542159956425,2,3.7123883685167987,1.6671370648401977
40,213.57819342897113,-184.40208144637737,-8.286666666666667,3.2795969127381177,3.8800005656552545,2,3.550456631106163,1.564820149448291,0-1-3,2.976252805200814,3.910549074006317,2,3.576872940897082,1.5806245679761926,1-3,2.4790049027893155,4.094271567779946,2,3.7498934342128916,1.6435811214474008
50,209.36224155195987,-181.3365910637216,-9.253333333333334,3.275864534844388,3.887161460061642,2,3.572320839574645,1.5324973199745775,0-1-3,2.9711602207741823,3.9204445161662687,2,3.601340828551171,1.549267388460924,1-3,2.470914381451288,4.110812834376383,2,3.781158524533812,1.6129545472885707
60,204.4691098771569,-179.39918795518247,-10.219999999999999,3.276899784934002,3.8850476772938447,2,3.5858184716653154,1.4951593035894606,0-1-3,2.9707306537405116,3.9211966217205423,2,3.617588159233674,1.5128908937411552,1-3,2.4673379779579916,4.118099758721862,2,3.804154144130722,1.5770722464358171
70,199.1979529127838,-178.73512002220826,-11.186666666666667,3.2827299874240086,3.873619863758589,2,3.589936875629072,1.4550890274837778,0-1-3,2.9750724675108295,3.912586765992506,2,3.6244308288882165,1.4737151583750414,1-3,2.4685611031172696,4.115494563055368,2,3.817263798479664,1.5381133220133358
80,193.8777862421449,-179.41095197190677,-12.153333333333332,3.2931598669810485,3.8533345376750243,2,3.584216250296726,1.4147723952452802,0-1-3,2.9840847964274646,3.8948713246261324,2,3.6212131145483384,1.434168126273222,1-3,2.4746732964704568,4.102830887051999,2,3.819389755435076,1.4984936382332377
90,188.84695090761693,-181.40882209372162,-13.12,3.3077636027384933,3.8251435721964224,2,3.568793696671455,1.3767479429850977,0-1-3,2.997444630280863,3.868797088080154,2,3.6078676311737388,1.39673979848298,1-3,2.4855468647371084,4.080460369393682,2,3.810046161340461,1.4607207380766678
100,184.43159938266083,-184.62601866080118,-14.086666666666666,3.325875778533342,3.7904811980278366,2,3.544415919363628,1.3434520844318298,0-1-3,3.0145899673536816,3.8356089687317936,2,3.5849495045232995,1.363830345400014,1-3,2.5008080266916775,4.049297196540322,2,3.7894327383358912,1.4272376492853118
110,180.9245709483822,-188.8799997078824,-15.053333333333333,3.3465862234485044,3.7512325550635364,2,3.5124175021029322,1.317068325140919,0-1-3,3.0347042975613863,3.7970416299069374,2,3.553639094365778,1.3376002116632255,1-3,2.5198058503727063,4.010848495264079,2,3.758479183692585,1.400264217107486
120,178.566023477062,-193.918630876674,-16.02,3.3687466565125437,3.7096753442743755,2,3.474662461535664,1.2993890634879641,0-1-3,3.0567112141328767,3.755283073461565,2,3.515707095982257,1.3198312684153772,1-3,2.541588776466967,3.9672126836695143,2,3.7188477093698746,1.3816469129204858
130,177.52709942491143,-199.4350754544338,-16.986666666666665,3.3909992988574627,3.6683853042674763,2,3.4334481319919603,1.2916983647456184,0-1-3,3.079290993566795,3.712896677924089,2,3.473436379809475,1.31180846786251,1-3,2.5649028168294046,3.921024907498201,2,3.6728803329652666,1.3727295381604603
140,177.89773052520042,-205.08646085833198,-17.953333333333333,3.411837905194252,3.63009823446278,2,3.3913727089573324,1.29468310438856,0-1-3,3.1009320513707506,3.672690277015046,2,3.429497302993138,1.3142306188959552,1-3,2.588227805060156,3.8753310912036523,2,3.6234803283315538,1.3742566633070934
150,179.6794380511461,-210.51518721101965,-18.92,3.429708274029989,3.5975271924683936,2,3.3511712517944146,1.3083780576332584,0-1-3,3.120027176081148,3.637528061803779,2,3.3867781079925203,1.3271565271785246,1-3,2.6098657000664813,3.8333821436432434,2,3.5739250454727203,1.3863182998668384
160,182.78367836360988,-215.37155390038254,-19.886666666666667,3.443146892323981,3.5731435753192,2,3.3155295480994225,1.332148199535064,0-1-3,3.1350155558001473,3.6100936951847564,2,3.348179419052678,1.3499892836036893,1-3,2.6280854686411286,3.7983576162613835,2,3.527619954422758,1.4083387512133712
170,187.03593564815498,-219.33627253327853,-20.85333333333333,3.4509434869324247,3.5589435570562498,2,3.2868902529429267,1.3647093857012105,0-1-3,3.144557067903965,3.5926290336576137,2,3.316390509593426,1.381498230675051,1-3,2.6413124155438785,3.7730500730983043,2,3.4878185445200427,1.4391068947820422
180,192.1853970946003,-222.14141778276445,-21.82,3.452299636420139,3.5562329958710204,2,3.267269642022893,1.4041873832353613,0-1-3,3.147709104015081,3.5866873822943512,2,3.293672248740255,1.4198765778009785,1-3,2.64833039872636,3.759560242132391,2,3.457344495262944,1.4768419872476481
190,197.9196836656784,-223.58844386451034,-22.786666666666665,3.446947827821006,3.565469109601503,2,3.2581043033531483,1.448214873557868,0-1-3,3.1440659322215048,3.5929466991869936,2,3.2816741068474564,1.4628332234556545,1-3,2.648451948469605,3.7590600090947706,2,3.4383558124371687,1.5192897877150073
200,203.88377550485382,-223.56206034768388,-23.753333333333334,3.435199595950836,3.5861915816447145,2,3.2601439458581916,1.4940654311453694,0-1-3,3.133823792896404,3.6111215134003247,2,3.281308161819117,1.5077185850555461,1-3,2.6416129071469765,3.771670081107052,2,3.4321827381767305,1.5638468123444054
210,209.70198697198498,-222.0390074367117,-24.72,3.417908637162895,3.617059015097395,2,3.2733997338168774,1.5388210101714022,0-1-3,3.1177533921192455,3.639992494787906,2,3.292692517764486,1.5516833908919865,1-3,2.6283674609350403,3.7964734676044456,2,3.439254645257136,1.6077121245116406
220,215.0016314058333,-219.0910831322771,-25.686666666666667,3.3963585517781905,3.65598392604055,2,3.297149423838696,1.5795645426341494,0-1-3,3.0970882468522345,3.6775459310866894,2,3.315163766746849,1.591864716268662,1-3,2.6097889890240467,3.8316538646430116,2,3.459112435251219,1.648063256894016
230,219.43688495889901,-214.88213368756394,-26.653333333333332,3.372104443774025,3.7003391372208125,2,3.3299938200735295,1.6135832450543632,0-1-3,3.073360179372602,3.7211917460261925,2,3.347347808227379,1.625586251617805,1-3,2.587308346243916,3.8747214888872166,2,3.4904891325393783,1.6822461865223128
240,222.71132199298967,-209.65910209754216,-27.62,3.346804911549083,3.7471976053775333,2,3.3699552424158807,1.6385638705466576,0-1-3,3.0482224588881763,3.768016381322585,2,3.38727330872654,1.6505535380302294,1-3,2.5625328563565137,3.9227764888666203,2,3.5314358697184436,1.7079625521862793
250,224.5976554090793,-203.73761265732443,-28.586666666666666,3.322075178762492,3.7935686229346928,2,3.414607615046963,1.6527606397109995,0-1-3,3.0232952145115535,3.815028386631529,2,3.4325121142868107,1.6650231758382994,1-3,2.537084275374827,3.9727633679172345,2,3.579472295428962,1.7234346125460063
260,224.953371505891,-197.48292819153153,-29.553333333333335,3.2993786904599967,3.8366031145603015,2,3.4612281829413063,1.6551202144456547,0-1-3,3.0000528045816166,3.859366490668291,2,3.4803338199812037,1.6679287187372005,1-3,2.5124784977413936,4.021684204940191,2,3.6317460785693876,1.7275312631212465
270,223.73119192148994,-191.2874269021482,-30.52,3.279960498786259,3.873754059570856,2,3.5069616128390932,1.645354296227628,0-1-3,2.979756957147935,3.8984559102696736,2,3.5278651611031213,1.6589532511169205,1-3,2.4900526654182027,4.066756586510315,2,3.6851922504432144,1.719845112560519
280,220.98361058757231,-185.54598717625024,-31.486666666666665,3.2648158564246224,3.9028901389923503,2,3.5489878687442014,1.6239570636412222,0-1-3,2.9634282007650294,3.9301129735687215,2,3.57224765959382,1.6385465033192244,1-3,2.470932785234206,4.105517956112574,2,3.7366878033520248,1.7007180684178633
290,216.86112220773592,-180.63082454269687,-32.45333333333333,3.254682831158246,3.922368931522507,2,3.584685829765925,1.5921700715841869,0-1-3,2.951842867897356,3.952607663205479,2,3.610788794668006,1.6078904252251294,1-3,2.456028806631241,4.135888417405061,2,3.7831999061735018,1.671218558763082
300,211.60415763241002,-176.8673839429653,-33.42,3.2500473367199474,3.9310798919225105,2,3.6117853153674746,1.5519007546790382,0-1-3,2.945542505327121,3.9646979014934725,2,3.6411030874104235,1.5688204986412642,1-3,2.446043132625066,4.156208552990111,2,3.8219276536370272,1.6330764055342673
310,205.52914542676717,-174.5128473373415,-34.38666666666667,3.2511509360681883,3.928467710197554,2,3.6285010377763367,1.5056024604525788,0-1-3,2.944844751978499,3.9656493240531097,2,3.661240111392293,1.5237110645050242,1-3,2.4414804935127616,4.1652687359024245,2,3.8504378154873447,1.5885818428243574
320,199.00950199943412,-173.73867265900532,-35.35333333333333,3.257994665720076,3.914544598727914,2,3.6336428974928423,1.4561245513106724,0-1-3,2.9498479457153675,3.955251364702444,2,3.669796618928391,1.475332550200901,1-3,2.442650169908192,4.162343215060856,2,3.866794722366376,1.5404543534433888
330,192.45268992979504,-174.61834302681987,-36.32,3.2703352016622484,3.8898965499994262,2,3.6266978118077655,1.4065412015032488,0-1-3,2.9604250311408604,3.9338358764906562,2,3.666009645997562,1.426687764935916,1-3,2.449654781708909,4.1472370073090845,2,3.869683097163944,1.491686133983177
340,186.27475323870942,-177.12118881275336,-37.28666666666667,3.2876727890420936,3.8556842928813593,2,3.6078788123612386,1.3599675884692575,0-1-3,2.976205628028851,3.9022989465045175,2,3.6498265675833514,1.380834202376592,1-3,2.4623631746668395,4.120346781764054,2,3.858520088878708,1.445365118477972
350,180.8739209966144,-181.11276881180694,-38.25333333333333,3.309233690685398,3.8136349659741264,2,3.5781374791531135,1.3193725152436204,0-1-3,2.996548696891061,3.8621204082806195,2,3.621946663758066,1.340699971264814,1-3,2.48036879184738,4.082728601384239,2,3.833548878510198,1.4044841859679675
360,176.60495386241803,-186.3618836997036,-39.22,3.3339537301362183,3.766015831805534,2,3.5391360477272453,1.2873970953390814,0-1-3,3.020512518490185,3.8153692199224882,2,3.5838270721417973,1.3089025178811027,1-3,2.5029399280087263,4.036155962847026,2,3.795901303742665,1.3717464228749943
370,173.75588511913156,-192.55387119908738,-40.18666666666667,3.3604737735329224,3.715577360933424,2,3.493176035140328,1.2661896827104093,0-1-3,3.04683378998545,3.7646772104272244,2,3.53764459700968,1.287581144611215,1-3,2.52897469623416,3.98314238986277,2,3.7476120656651535,1.349380266345502
380,172.52867847849492,-199.30942497721708,-41.153333333333336,3.3871619441712895,3.6654509407063567,2,3.443081434833863,1.2572672078072755,0-1-3,3.073932790529553,3.7131603675320606,2,3.486204662497907,1.2782554385523583,1-3,2.556980609905936,3.9268967776224266,2,3.6915643521090944,1.3389813054478248
390,173.02509616126753,-206.20781466307886,-42.12,3.4121791006615103,3.6189881406068505,2,3.3920370129625352,1.261411932932787,0-1-3,3.0999646592739953,3.664268382841199,2,3.4327910344230634,1.281720911694231,1-3,2.5851038430930418,3.8711810919114593,2,3.6313491126798136,1.341397282020629
400,175.23875580707838,-212.8130865141271,-43.086666666666666,3.4336006546851587,3.579535941182547,2,3.343386553139468,1.278610147974669,0-1-3,3.1229342786098284,3.6215523452660654,2,3.380956090009963,1.297989717573556,1-3,2.611231982362048,3.820053224652782,2,3.5710305084637897,1.3566678837508335
410,179.05397263648896,-218.7016132375538,-44.053333333333335,3.449596251715194,3.550156711660971,2,3.3004021758640483,1.3080359914403317,0-1-3,3.1408802703874654,3.5883586275952086,2,3.334261838502462,1.3262788668086178,1-3,2.633181469424444,3.7775041492416466,2,3.5148287149002355,1.3840219299023464
420,184.25155756571405,-223.48925202925759,-45.019999999999996,3.458649013458336,3.5333213513889516,2,3.26604321136037,1.3480806777444334,0-1-3,3.152111307293342,3.567481753674196,2,3.295995007945781,1.3650432119148486,1-3,2.6489553624262676,3.747033066105843,2,3.4667543276236095,1.4219251845274883
430,190.52129937198532,-226.85637046222877,-45.986666666666665,3.4597735227252837,3.530623056582939,2,3.2427292124711227,1.3964263039134823,0-1-3,3.1554511471457025,3.560832732801051,2,3.268891033137837,1.4120485701485082,1-3,2.6570249413562763,3.731234865158844,2,3.430247500237412,1.4681674652749679
440,197.48042768292467,-228.56911191022618,-46.95333333333333,3.4526779705471475,3.542568508215492,2,3.232153380774162,1.4501641833083219,0-1-3,3.1504306961477093,3.5691907196864903,2,3.2549058979501173,1.4644828401130907,1-3,2.6565653798411573,3.7314858398833373,2,3.4078798696274815,1.5199807128505407
450,204.69696133082823,-228.49549006872323,-47.92,3.437822376923122,3.568494925822465,2,3.235157787439464,1.5059582085803294,0-1-3,3.1373700770705213,3.5920956610516455,2,3.255067582741882,1.5191070633530026,1-3,2.6475779777814186,3.7477966170859442,2,3.401163648608736,1.574187192942237
460,211.71651915055332,-226.61521329981628,-48.88666666666666,3.4163535103515423,3.6066346848721924,2,3.2516812362870136,1.5602509053681386,0-1-3,3.1173246910309387,3.627907648899711,2,3.269421876820001,1.5724485684167262,1-3,2.630864282083318,3.7788592485825556,2,3.410484845546757,1.6273814362016765
470,218.090929471285,-223.02252529296018,-49.85333333333333,3.3899358538693836,3.654313300236997,2,3.28077855864035,1.6095023285024352,0-1-3,3.0919134304333653,3.6740164222952725,2,3.2970676182713627,1.6210310891040172,1-3,2.6078666197873135,3.822264830504594,2,3.4351486338787627,1.6761450705929921
480,223.4068369521382,-217.92178517603693,-50.82,3.3605272914108166,3.708236330323986,2,3.3207012089229124,1.6504424142006917,0-1-3,3.0630820153016756,3.727149249888516,2,3.336262195425602,1.661624534700445,1-3,2.5804298812080995,3.8748293318192393,2,3.4735061927190896,1.7172818871311917
490,227.312481229819,-211.6159704317282,-51.78666666666667,3.3301552279101756,3.764807590890523,2,3.369025316043634,1.680310868941814,0-1-3,3.032864093512197,3.783710468847258,2,3.384573331163628,1.691487002031136,1-3,2.550552503380218,3.932951512798763,2,3.5231281688038463,1.748049057723192
500,229.54091413276888,-204.48874060292823,-52.75333333333333,3.300734990168238,3.8204268719523906,2,3.422813624455196,1.6970587427015633,0-1-3,3.0031879549484177,3.8400933364622176,2,3.439056027289685,1.7085697158453963,1-3,2.5201803535351672,3.992937823436542,2,3.580996541938699,1.7663567670358185
510,229.92812659079752,-196.98111961727545,-53.72,3.273949122978788,3.871733418982378,2,3.47879946247479,1.699492267575844,0-1-3,2.9757504603097615,3.892926676831263,2,3.4964395240315547,1.711662573632577,1-3,2.49106940135403,4.051254905064978,2,3.643697159984342,1.7709142588321658
520,228.42486120975929,-189.5642122862756,-54.68666666666667,3.2511855249214165,3.915782268395774,2,3.5335822636492957,1.6873491516298202,0-1-3,2.9519560492463643,3.939243803598102,2,3.5533145588795136,1.7004697556384039,1-3,2.4647170914690646,4.104698266716291,2,3.7076043088351724,1.7613114857658163
530,225.10127357571446,-182.70964243061644,-55.65333333333333,3.233520242582631,3.950157110221313,2,3.583824946641556,1.6613066987349563,0-1-3,2.9329046973733677,3.9765809148312417,2,3.606314762014178,1.6756161879973275,1-3,2.442346478863586,4.150487125247787,2,3.7690545460817657,1.7380365949852774
540,220.1440509865007,-176.85956763901635,-56.62,3.221727074514825,3.97303298569275,2,3.6264440977331773,1.6229276975327183,0-1-3,2.919408497103839,4.003023271949234,2,3.652288013000539,1.6385931727734369,1-3,2.4249219023338773,4.186307223878015,2,3.8245101140347026,1.702436653840466
550,213.8460737128602,-172.39817682220897,-57.586666666666666,3.2162978845283483,3.9832053729941586,2,3.658784799395473,1.5745535351845485,0-1-3,2.912018607265764,4.0172207238897055,2,3.6884547056112416,1.5916545570893272,1-3,2.4131765734581236,4.21032683219258,2,3.8707136453998605,1.6566314946891862
560,206.58918097637746,-169.62650671950055,-58.553333333333335,3.217461535564852,3.9801009965102927,2,3.6787731258596192,1.5191551042850333,0-1-3,2.911048918245843,4.018392011324626,2,3.712550517379515,1.5376745470295954,1-3,2.4076369056950613,4.221208907119212,2,3.904836305494595,1.6033895549222876
570,198.82105108608442,-168.74222529580237,-59.519999999999996,3.2251936459034956,3.963781915911694,2,3.68504053094042,1.4601518284873416,0-1-3,2.9165875553693317,4.006332225663162,2,3.7229514713463168,1.4799764337270525,1-3,2.4086330909350746,4.218137098816876,2,3.92462111830827,1.5459720767672354
580,191.02759361744512,-169.825734081733,-60.486666666666665,3.239213202035404,3.9349493980449894,2,3.6770152983626385,1.401208500110438,0-1-3,2.9284914369471915,3.981431374438887,2,3.718778639670686,1.4221396620920785,1-3,2.4162893968797174,4.200866295939436,2,3.9285217123556424,1.4879498620283584
590,183.7025555698019,-172.8335555317851,-61.45333333333333,3.2589655583179225,3.894948392957673,2,3.6549767514829337,1.346019290323441,0-1-3,2.9463627072034946,3.944704865359991,2,3.6999786145329394,1.3677919164820695,1-3,2.43049117403576,4.1697999277118045,2,3.9158336190746645,1.4329963380518402
