step,ax,ay,az
0,0.008880575187504292,0.006605586037039757,9.816200256347656
1,2.3855128288269043,0.0034676101058721542,9.81759262084961
2,2.3089547157287598,0.004283993039280176,9.812633514404297
3,2.226088523864746,0.003589274361729622,9.81861400604248
4,2.15328049659729,0.0032943682745099068,9.813429832458496
5,2.0707504749298096,0.0005241721519269049,9.811888694763184
6,1.997327208518982,0.0018041784642264247,9.811646461486816
7,1.918615698814392,-0.001035901834256947,9.810752868652344
8,1.846885085105896,0.004728743806481361,9.809537887573242
9,1.7771788835525513,0.008370675146579742,9.8114652633667
10,1.7066683769226074,0.0024343987461179495,9.80891227722168
11,1.639176845550537,0.007542956154793501,9.809029579162598
12,1.5772494077682495,0.0008554939995519817,9.80143928527832
13,1.5098211765289307,0.002337480429559946,9.813408851623535
14,1.447669506072998,-0.00038041314110159874,9.805347442626953
15,1.3796268701553345,0.0008491746848449111,9.811274528503418
16,1.3271675109863281,0.005198778584599495,9.803177833557129
17,1.2736061811447144,-0.0001546490384498611,9.8068265914917
18,1.209470510482788,0.0025343557354062796,9.809642791748047
19,1.1624090671539307,0.005614633671939373,9.806036949157715
20,1.1143808364868164,0.008374591358006,9.809440612792969
21,1.0641416311264038,0.010610044002532959,9.811087608337402
22,1.0133461952209473,0.009104629047214985,9.812516212463379
23,0.9668281674385071,0.01020816434174776,9.814939498901367
24,0.9260843396186829,0.0061890440993011,9.808649063110352
25,0.8791758418083191,0.0031592638697475195,9.81401538848877
26,0.8426785469055176,0.005019135307520628,9.812630653381348
27,0.8058551549911499,0.004388079978525639,9.810813903808594
28,0.7687153220176697,0.0026963429991155863,9.813350677490234
29,0.7310651540756226,0.003991100005805492,9.813438415527344
30,0.6970918774604797,0.007841480895876884,9.813446998596191
31,0.6642876863479614,0.010910335928201675,9.80971622467041
32,0.6310410499572754,0.008595789782702923,9.805800437927246
33,0.5951952338218689,0.01298974547535181,9.81334114074707
34,0.5686269402503967,0.00988069362938404,9.811973571777344
35,0.5444954633712769,0.0025235144421458244,9.812590599060059
36,0.5223497152328491,0.008632509037852287,9.817090034484863
37,0.4964788258075714,0.014083807356655598,9.811821937561035
38,0.4719862639904022,0.01331594679504633,9.814078330993652
39,0.44749101996421814,0.00830596312880516,9.810134887695312
40,0.4264535903930664,0.010385418310761452,9.808653831481934
41,0.4018871486186981,0.0051972889341413975,9.809380531311035
42,0.3843153715133667,0.009472353383898735,9.812450408935547
43,0.36680611968040466,0.005658348556607962,9.804986000061035
44,0.36305633187294006,0.004914958029985428,9.80138111114502
45,0.33373668789863586,0.00658688647672534,9.805481910705566
46,0.31995946168899536,0.006328520830720663,9.810346603393555
47,0.30570054054260254,0.0031059831380844116,9.804116249084473
48,0.2877241373062134,0.0031417084392160177,9.8047513961792
49,0.2717573940753937,0.004439076408743858,9.802352905273438
50,0.2580571472644806,0.002663093153387308,9.80298900604248
51,0.24773740768432617,0.002008762676268816,9.799629211425781
52,0.233154296875,0.0031547981780022383,9.799524307250977
53,0.22394028306007385,0.0027171478141099215,9.800883293151855
54,0.2107260823249817,0.00628756545484066,9.80001163482666
55,0.2024233341217041,0.004728436470031738,9.801023483276367
56,0.18944689631462097,0.007201049011200666,9.805964469909668
57,0.18021444976329803,0.0022373206447809935,9.797504425048828
58,0.17092500627040863,0.002332017756998539,9.800661087036133
59,0.16196107864379883,0.0038678827695548534,9.797500610351562
60,0.15292923152446747,0.0005750112468376756,9.804670333862305
61,0.14497226476669312,0.0037518292665481567,9.799638748168945
62,0.13538183271884918,0.007495180703699589,9.796178817749023
63,0.12434106320142746,0.009207947179675102,9.79833984375
64,0.1260431706905365,0.01374000497162342,9.799833297729492
65,0.11928330361843109,0.005745237693190575,9.79595947265625
66,0.11343516409397125,0.01210545189678669,9.803705215454102
67,0.10616479814052582,0.010732715018093586,9.800844192504883
68,0.10015123337507248,0.007600655313581228,9.80844497680664
69,0.09407216310501099,0.006866218522191048,9.803662300109863
70,0.09930767118930817,0.00811908207833767,9.798192024230957
71,0.09497470408678055,0.013031119480729103,9.800310134887695
72,0.0839279517531395,0.0049345470033586025,9.805453300476074
73,0.08434613049030304,0.006362376268953085,9.807099342346191
74,0.07801559567451477,0.0053930762223899364,9.799057960510254
75,0.0732855424284935,0.01360184047371149,9.803998947143555
76,0.07404647022485733,0.008665638044476509,9.804356575012207
77,0.06254476308822632,-0.0018586646765470505,9.797833442687988
78,0.06375811994075775,0.0023530800826847553,9.802331924438477
79,0.06244058907032013,0.003091796999797225,9.802692413330078
80,0.053416069597005844,-0.0003418384585529566,9.801298141479492
81,0.05777924507856369,0.0052804043516516685,9.797252655029297
82,0.049091044813394547,0.004413982387632132,9.800629615783691
83,0.053153146058321,0.005977225489914417,9.803924560546875
84,0.04441986232995987,0.005931388586759567,9.806000709533691
85,0.04583723470568657,0.009804368019104004,9.813823699951172
86,0.039663542062044144,0.015738407149910927,9.80812931060791
87,0.04075898230075836,0.008613236248493195,9.807869911193848
88,0.03718699887394905,0.008483893238008022,9.809548377990723
89,0.03542305529117584,0.003629059996455908,9.80872917175293
90,0.034578677266836166,0.010896283201873302,9.80963134765625
91,0.0357847698032856,0.010524948127567768,9.809694290161133
92,0.03185680881142616,0.005886779632419348,9.80849838256836
93,0.033670008182525635,0.009512347169220448,9.811046600341797
94,0.0324004702270031,0.003672500839456916,9.806005477905273
95,0.03033268079161644,0.006671600509434938,9.80904769897461
96,0.029080022126436234,0.010681837797164917,9.809282302856445
97,0.022233063355088234,0.01770467683672905,9.806242942810059
98,0.023233259096741676,0.009732866659760475,9.806356430053711
99,0.01968018151819706,0.013362526893615723,9.80302906036377
100,0.02154703438282013,0.02267947420477867,9.80320930480957
101,0.01962335780262947,0.018091492354869843,9.79694652557373
102,0.021071380004286766,0.020273197442293167,9.799123764038086
103,0.024203550070524216,0.021744446828961372,9.798409461975098
104,0.02466723881661892,0.02695874497294426,9.803110122680664
105,0.019829099997878075,0.021929316222667694,9.802608489990234
106,0.01782212220132351,0.020997358486056328,9.801769256591797
107,0.01774468645453453,0.026256296783685684,9.800080299377441
108,0.015421843156218529,0.02063082717359066,9.802342414855957
109,0.012289823964238167,0.013526282273232937,9.805499076843262
110,0.01213485561311245,0.023824729025363922,9.800518035888672
111,0.015994466841220856,0.02236483246088028,9.813274383544922
112,0.011524218134582043,0.025766896083950996,9.805144309997559
113,0.01109948568046093,0.024927135556936264,9.805886268615723
114,0.011846156790852547,0.02533816732466221,9.812466621398926
115,0.015392793342471123,0.027468901127576828,9.804159164428711
116,0.013617558404803276,0.02430688962340355,9.808239936828613
117,0.009945611469447613,0.022807808592915535,9.80990219116211
118,0.012236028909683228,0.025557508692145348,9.810580253601074
119,0.004728079307824373,0.025576170533895493,9.814033508300781
120,0.005537653341889381,0.028457876294851303,9.810762405395508
121,0.0038502742536365986,0.025301579385995865,9.807798385620117
122,0.002504513366147876,0.029674269258975983,9.814374923706055
123,0.0010688749607652426,0.034856490790843964,9.809761047363281
124,-0.002351453062146902,0.02805463969707489,9.818769454956055
125,-0.0005909695755690336,0.023112159222364426,9.817419052124023
126,0.0047436365857720375,0.02713409811258316,9.816372871398926
127,0.007228619884699583,0.027277715504169464,9.818694114685059
128,0.006543803494423628,0.028028562664985657,9.81909465789795
129,0.00685703894123435,0.02599806897342205,9.816421508789062
130,0.0012760375393554568,0.029918698593974113,9.818441390991211
131,0.0037723304703831673,0.027299318462610245,9.818692207336426
132,0.006354098208248615,0.03125458210706711,9.820042610168457
133,0.006694008596241474,0.028553573414683342,9.826231002807617
134,0.00323782442137599,0.02971469983458519,9.820812225341797
135,0.01050737127661705,0.025109054520726204,9.81502628326416
136,0.005660635884851217,0.025025973096489906,9.823976516723633
137,0.0030493061058223248,0.02552616037428379,9.814240455627441
138,0.0038621164858341217,0.0246377345174551,9.817487716674805
139,0.0007889667758718133,0.025246016681194305,9.8162260055542
140,0.004822792951017618,0.027674080803990364,9.814351081848145
141,0.002465877216309309,0.021530617028474808,9.81979751586914
142,0.009923247620463371,0.02905457094311714,9.823335647583008
143,0.007265459280461073,0.02655416913330555,9.821657180786133
144,0.011007201857864857,0.028250625357031822,9.817946434020996
145,0.009141435846686363,0.029729299247264862,9.812216758728027
146,0.004603684414178133,0.03114551492035389,9.812370300292969
147,0.0050994111225008965,0.028211364522576332,9.808283805847168
148,0.006147871259599924,0.03102393075823784,9.803553581237793
149,0.005482083186507225,0.027836095541715622,9.809581756591797
150,0.005516099743545055,0.026366762816905975,9.811866760253906
151,0.006660567130893469,0.026715392246842384,9.809701919555664
152,0.008167318999767303,0.029473954811692238,9.816788673400879
153,0.006140324752777815,0.026921968907117844,9.820082664489746
154,0.00776725634932518,0.030612444505095482,9.82140064239502
155,0.006288261152803898,0.027265377342700958,9.814026832580566
156,0.005036137066781521,0.028555506840348244,9.813982009887695
157,0.002166696824133396,0.02747027762234211,9.812005996704102
158,0.005343413911759853,0.026627948507666588,9.812295913696289
159,0.0054736752063035965,0.02466491237282753,9.810382843017578
160,0.009755595587193966,0.022966794669628143,9.815411567687988
161,0.007365671917796135,0.02297956682741642,9.81326675415039
162,0.006038552615791559,0.02588605135679245,9.813275337219238
163,0.0059048631228506565,0.023090962320566177,9.816943168640137
164,0.010288013145327568,0.024439705535769463,9.818317413330078
165,0.004461181350052357,0.0252164825797081,9.818777084350586
166,-1.00975439636386e-05,0.018676776438951492,9.820878028869629
167,0.0023190840147435665,0.024675223976373672,9.822898864746094
168,-0.0032333966810256243,0.0179288312792778,9.818398475646973
169,-0.001979100750759244,0.026688598096370697,9.827593803405762
170,-9.807680180529132e-05,0.02449910156428814,9.81821346282959
171,0.0014005653792992234,0.021878404542803764,9.827835083007812
172,-0.0006831579958088696,0.024209966883063316,9.824917793273926
173,0.0014671845128759742,0.02534174546599388,9.822759628295898
174,-0.0009871021611616015,0.025589389726519585,9.820034980773926
175,-0.004959444515407085,0.02270815707743168,9.82202434539795
176,-0.002499934984371066,0.033250678330659866,9.820371627807617
177,-0.0017897107172757387,0.02678229659795761,9.819280624389648
178,-0.0004592927289195359,0.03148384392261505,9.811407089233398
179,0.0006919958395883441,0.028789274394512177,9.817172050476074
180,-0.0010063477093353868,0.03195381909608841,9.815643310546875
181,-0.0019508784171193838,0.035419803112745285,9.814684867858887
182,-0.00860376376658678,0.029339149594306946,9.817423820495605
183,-0.009904101490974426,0.032044462859630585,9.818495750427246
184,-0.004674350377172232,0.0356220044195652,9.815733909606934
185,-0.00555413868278265,0.03293793275952339,9.81190299987793
186,0.0058318548835814,0.023715445771813393,9.819397926330566
187,-0.003300358774140477,0.03382165729999542,9.81696605682373
188,0.00044289176003076136,0.027934852987527847,9.813432693481445
189,0.0016453779535368085,0.029173593968153,9.815652847290039
190,-0.003912256099283695,0.03149346262216568,9.813925743103027
191,-0.00416555255651474,0.03120514377951622,9.809581756591797
192,-0.0015989091480150819,0.03208627179265022,9.820871353149414
193,-0.005371088162064552,0.0379546694457531,9.813057899475098
194,-0.0028158153872936964,0.033869195729494095,9.817511558532715
195,0.0017674287082627416,0.03814953193068504,9.815526962280273
196,-0.007876208983361721,0.04026753455400467,9.814299583435059
197,-0.0015566819347441196,0.040448468178510666,9.81173038482666
198,0.00045633281115442514,0.035705797374248505,9.814281463623047
199,-0.0018718490609899163,0.03261258825659752,9.815239906311035
200,0.0007702032453380525,0.03543649613857269,9.817620277404785
201,0.002145678037777543,0.043514564633369446,9.817459106445312
202,0.004929393529891968,0.03888421133160591,9.811211585998535
203,0.00789815466850996,0.03996201232075691,9.81423568725586
204,0.009092282503843307,0.04218190908432007,9.816444396972656
205,-3.663705865619704e-05,0.03580264747142792,9.81546401977539
206,0.007628857158124447,0.030575504526495934,9.80931282043457
207,0.006333015859127045,0.03101300075650215,9.813741683959961
208,0.0010079530766233802,0.03408605232834816,9.809897422790527
209,0.007905254140496254,0.024956850335001945,9.807973861694336
210,0.0061789872124791145,0.03247112035751343,9.80767822265625
211,0.0098316241055727,0.03165671229362488,9.803495407104492
212,0.01016007736325264,0.029666028916835785,9.806196212768555
213,0.008643945679068565,0.033387161791324615,9.805400848388672
214,0.008134954608976841,0.0364016629755497,9.806137084960938
215,0.006359417922794819,0.03817928209900856,9.800540924072266
216,0.010780872777104378,0.03211727365851402,9.804678916931152
217,0.004272264428436756,0.03496123105287552,9.80394172668457
218,0.007715487387031317,0.036312349140644073,9.802725791931152
219,0.0046059563755989075,0.03849571570754051,9.804497718811035
220,0.0038434406742453575,0.03264389559626579,9.80239200592041
221,0.014743400737643242,0.03873981907963753,9.804482460021973
222,0.0065993391908705235,0.038116615265607834,9.80741024017334
223,0.007559336721897125,0.036641791462898254,9.805597305297852
224,0.004683054052293301,0.04105059802532196,9.810725212097168
225,0.011744393967092037,0.044594306498765945,9.805011749267578
226,0.011300629936158657,0.04079844802618027,9.807912826538086
227,0.0108143649995327,0.03765861317515373,9.805961608886719
228,0.016365764662623405,0.03580209240317345,9.799173355102539
229,0.007889439351856709,0.034707460552453995,9.808272361755371
230,0.013573265634477139,0.033749427646398544,9.807039260864258
231,0.011742852628231049,0.043050725013017654,9.807888984680176
232,0.011347622610628605,0.031868256628513336,9.810661315917969
233,0.012057025916874409,0.03607712686061859,9.805534362792969
234,0.010153613053262234,0.03476536273956299,9.806289672851562
235,0.011268479749560356,0.04087397828698158,9.81186294555664
236,0.014905705116689205,0.037287451326847076,9.801444053649902
237,0.007489809766411781,0.03732169419527054,9.809650421142578
238,0.01226761657744646,0.04434078559279442,9.814595222473145
239,0.010745546780526638,0.039376892149448395,9.81117057800293
240,0.012564379721879959,0.03933059796690941,9.814566612243652
241,0.01545379776507616,0.04019875079393387,9.813529968261719
242,0.013864598236978054,0.0399300716817379,9.807005882263184
243,0.011907510459423065,0.046931952238082886,9.803847312927246
244,0.01633092761039734,0.039611171931028366,9.801656723022461
245,0.009823588654398918,0.0462794192135334,9.810761451721191
246,0.009661349467933178,0.04606163874268532,9.808642387390137
247,0.015727449208498,0.045706287026405334,9.811468124389648
248,0.00968505535274744,0.04591280594468117,9.809606552124023
249,0.013257911428809166,0.04508358985185623,9.810307502746582
250,0.012629932723939419,0.04276207461953163,9.812929153442383
251,0.013629956170916557,0.05137321352958679,9.816851615905762
252,0.009003955870866776,0.041385989636182785,9.809776306152344
253,0.013107390142977238,0.04235555976629257,9.817717552185059
254,0.013955464586615562,0.04018859192728996,9.810770034790039
255,0.010239175520837307,0.04041941836476326,9.811092376708984
256,0.013871729373931885,0.039076171815395355,9.8157958984375
257,0.014925342053174973,0.03965292498469353,9.816160202026367
258,0.012988043017685413,0.04359282925724983,9.814425468444824
259,0.012974191457033157,0.04517658054828644,9.813315391540527
260,0.010128307156264782,0.03347642719745636,9.814684867858887
261,0.006273611914366484,0.04508529230952263,9.814452171325684
262,0.01452623587101698,0.04078685864806175,9.81362533569336
263,0.0080420458689332,0.046958960592746735,9.817965507507324
264,0.008259719237685204,0.03958747908473015,9.816976547241211
265,0.006510881707072258,0.04235249012708664,9.819668769836426
266,0.006937122438102961,0.04602036625146866,9.819125175476074
267,0.011876977980136871,0.043739087879657745,9.813603401184082
268,0.01698523759841919,0.03748556226491928,9.824325561523438
269,0.01072556059807539,0.04000139981508255,9.818035125732422
270,0.012643810361623764,0.03887929394841194,9.815847396850586
271,0.013564402237534523,0.042204514145851135,9.817020416259766
272,-2.367403745651245,0.03298614174127579,9.82292652130127
273,-2.2451772689819336,0.03900482878088951,9.820068359375
274,-2.1231942176818848,0.045888617634773254,9.819454193115234
275,-2.0185062885284424,0.03866429626941681,9.818848609924316
276,-1.9196614027023315,0.04258151724934578,9.816527366638184
277,-1.8210134506225586,0.03899465501308441,9.81766128540039
278,-4.103275299072266,0.042653050273656845,9.820122718811035
279,-3.9078409671783447,0.03703102841973305,9.812152862548828
280,-3.7340080738067627,0.04470996931195259,9.817093849182129
281,-3.563455581665039,0.037021804600954056,9.81680679321289
282,-3.4135494232177734,0.038892313838005066,9.817225456237793
283,-3.2705888748168945,0.04098261520266533,9.819259643554688
284,-3.13358998298645,0.03642268106341362,9.817121505737305
285,-3.01218318939209,0.03957359120249748,9.81829833984375
286,-2.895772933959961,0.0406809039413929,9.815576553344727
287,-2.783165693283081,0.03878828510642052,9.814091682434082
288,-2.672569513320923,0.043813906610012054,9.81729507446289
289,-2.5798799991607666,0.03554733097553253,9.817176818847656
290,-2.4960062503814697,0.03996171057224274,9.824710845947266
291,-2.406651496887207,0.035940513014793396,9.82088851928711
292,-2.3260281085968018,0.0336243137717247,9.819842338562012
293,-2.240786552429199,0.04110373556613922,9.822504997253418
294,-2.1623246669769287,0.03990020975470543,9.815523147583008
295,-2.0930514335632324,0.0431806817650795,9.817719459533691
296,-2.01279616355896,0.040038157254457474,9.82086181640625
297,-1.9377366304397583,0.039584554731845856,9.822356224060059
298,-1.861304759979248,0.040505073964595795,9.819621086120605
299,-1.7985303401947021,0.038542766124010086,9.820844650268555
300,-1.7224785089492798,0.04116985946893692,9.82132339477539
301,-1.6525472402572632,0.04346195235848427,9.818613052368164
302,-1.587019920349121,0.041932571679353714,9.819265365600586
303,-1.5264252424240112,0.04214569553732872,9.813372611999512
304,-1.4651055335998535,0.0324476920068264,9.818957328796387
305,-1.3998359441757202,0.03964861482381821,9.819591522216797
306,-1.34272038936615,0.03987054154276848,9.824667930603027
307,-1.2776376008987427,0.04592132940888405,9.824556350708008
308,-1.2297624349594116,0.03873107582330704,9.821094512939453
309,1.1999247074127197,0.04026622697710991,9.821029663085938
310,1.1457648277282715,0.036868076771497726,9.817946434020996
311,1.1069104671478271,0.032580263912677765,9.816617965698242
312,3.430513381958008,0.04023731127381325,9.820416450500488
313,3.286513328552246,0.03719872236251831,9.818913459777832
314,3.1594438552856445,0.03817783668637276,9.815754890441895
315,3.0223655700683594,0.03026554174721241,9.817036628723145
316,2.9058997631073,0.0366036519408226,9.820991516113281
317,0.4173643887042999,0.02677222155034542,9.821686744689941
318,0.40828728675842285,0.03409140184521675,9.81928539276123
319,0.3910794258117676,0.036917686462402344,9.820150375366211
320,0.37458187341690063,0.033873509615659714,9.8163423538208
321,0.36217936873435974,0.03490801155567169,9.81750202178955
322,0.34998345375061035,0.03190203756093979,9.81700325012207
323,0.335633248090744,0.027749039232730865,9.814349174499512
324,0.3211890161037445,0.03278273344039917,9.817813873291016
325,0.31440573930740356,0.03219170868396759,9.813576698303223
326,0.30304521322250366,0.03767995908856392,9.814061164855957
327,0.2908031940460205,0.03063899837434292,9.811352729797363
328,0.28031376004219055,0.030051616951823235,9.811342239379883
329,0.2675928771495819,0.034336112439632416,9.818012237548828
330,0.26057323813438416,0.024577779695391655,9.81817626953125
331,0.2541111409664154,0.027735531330108643,9.81636905670166
332,0.2392602562904358,0.03299576789140701,9.815418243408203
333,0.234440416097641,0.025567084550857544,9.817858695983887
334,0.22928085923194885,0.032601792365312576,9.818045616149902
335,0.21785207092761993,0.03489255532622337,9.819695472717285
336,0.20734180510044098,0.033263497054576874,9.821171760559082
337,0.19993357360363007,0.030436979606747627,9.82379150390625
338,0.19174477458000183,0.030607907101511955,9.81962776184082
339,0.1877956986427307,0.025738077238202095,9.817988395690918
340,0.182920441031456,0.028909416869282722,9.818781852722168
341,0.17536740005016327,0.025823788717389107,9.821298599243164
342,0.16865131258964539,0.028122683987021446,9.8228178024292
343,0.16838040947914124,0.029749736189842224,9.8198881149292
344,0.16303804516792297,-2.348473072052002,9.826573371887207
345,0.15635031461715698,-2.2694454193115234,9.827409744262695
346,0.15451951324939728,-2.1839613914489746,9.82005500793457
347,0.15889708697795868,-2.1093664169311523,9.817767143249512
348,0.15435633063316345,-2.0380289554595947,9.81815242767334
349,0.14327223598957062,-1.9663417339324951,9.815838813781738
350,0.13984793424606323,-1.8860529661178589,9.817955017089844
351,0.13650263845920563,-1.819449543952942,9.81515121459961
352,0.13149836659431458,-1.7507072687149048,9.814453125
353,0.13167886435985565,-1.6777414083480835,9.817309379577637
354,0.12660913169384003,-1.6173367500305176,9.82038688659668
355,0.11928001046180725,-1.546373963356018,9.812948226928711
356,0.1175367534160614,-1.4817088842391968,9.811430931091309
357,0.11631126701831818,-1.4236704111099243,9.80974292755127
358,0.11595004051923752,-1.362622618675232,9.817843437194824
359,0.10862883180379868,-1.3010221719741821,9.811064720153809
360,0.10159670561552048,-1.2425916194915771,9.811976432800293
361,0.1046667993068695,-1.189756155014038,9.807356834411621
362,0.1001657173037529,-1.1382293701171875,9.813960075378418
363,0.10200567543506622,-1.0932693481445312,9.813232421875
364,0.09069068729877472,-1.040595293045044,9.817286491394043
365,0.09368649125099182,-0.9965940117835999,9.817061424255371
366,0.08337307721376419,-0.9487715363502502,9.811500549316406
367,0.09040877223014832,-0.9060653448104858,9.812836647033691
368,0.08022642135620117,-0.8564903736114502,9.811131477355957
369,0.08055230975151062,-0.8204991817474365,9.804361343383789
370,0.07661458849906921,-0.7910080552101135,9.806483268737793
371,0.0791420117020607,-0.7498555779457092,9.81180477142334
372,0.06741394847631454,-0.7073842883110046,9.808422088623047
373,0.06204361841082573,-0.6748676896095276,9.807406425476074
374,0.06268488615751266,-0.6409881114959717,9.808439254760742
375,0.06279850006103516,-0.6084547638893127,9.806519508361816
376,0.06207474693655968,-0.5850298404693604,9.805455207824707
377,0.05212729051709175,-0.5491993427276611,9.807323455810547
378,0.0502348467707634,-0.5176189541816711,9.813867568969727
379,0.0479753352701664,-0.49908962845802307,9.811347961425781
380,0.048208147287368774,-0.4739011824131012,9.812346458435059
381,0.04415755346417427,-0.44392186403274536,9.81455135345459
382,0.04676507040858269,-0.4227167069911957,9.812460899353027
383,0.04893498495221138,-0.39917850494384766,9.810192108154297
384,0.04283617436885834,-0.38117337226867676,9.812878608703613
385,0.0399196557700634,-0.35404032468795776,9.80432415008545
386,0.045678697526454926,-0.3420451879501343,9.810829162597656
387,0.04071999341249466,-0.3181810975074768,9.809056282043457
388,0.043581388890743256,-0.3008038401603699,9.806325912475586
389,0.03485424444079399,-0.28652137517929077,9.809772491455078
390,0.030834103003144264,-0.27278226613998413,9.808499336242676
391,0.03814144805073738,-0.25817954540252686,9.80461311340332
392,0.031233223155140877,-0.24205319583415985,9.8062162399292
393,0.032122042030096054,-0.23009973764419556,9.805377960205078
394,0.03089037723839283,-0.21600158512592316,9.801290512084961
395,0.024343952536582947,-0.20729857683181763,9.808168411254883
396,0.02685398794710636,-0.19562315940856934,9.808647155761719
397,0.02821546606719494,-0.18523618578910828,9.804605484008789
398,0.025446875020861626,-0.17572829127311707,9.813302040100098
399,0.027878690510988235,-0.1674625128507614,9.807628631591797
400,0.030479369685053825,-0.1555408090353012,9.80777645111084
401,0.03050004132091999,-0.15134824812412262,9.812288284301758
402,0.03483456373214722,-0.13987945020198822,9.8078031539917
403,0.029850084334611893,-0.13675335049629211,9.806150436401367
404,0.02703836001455784,-0.12907852232456207,9.809843063354492
405,0.02801547572016716,-0.1163109615445137,9.805643081665039
406,0.024951700121164322,-0.11300338804721832,9.808138847351074
407,0.02140684425830841,-0.10543567687273026,9.812355041503906
408,0.021681230515241623,-0.0990312248468399,9.812424659729004
409,0.016198236495256424,-0.09556843340396881,9.814184188842773
410,0.018496906384825706,-0.08512970805168152,9.8143310546875
411,0.009382695890963078,-0.08307891339063644,9.818866729736328
412,0.009472583420574665,-0.08606288582086563,9.81340217590332
413,0.012940124608576298,-0.08325229585170746,9.81846809387207
414,0.015763984993100166,-0.07130077481269836,9.816455841064453
415,0.009270085953176022,-0.0705653578042984,9.819645881652832
416,0.011404444463551044,-0.0685574933886528,9.816946983337402
417,0.013464527204632759,-0.062954381108284,9.812712669372559
418,0.00980074517428875,-0.05600278079509735,9.818739891052246
419,0.01612389273941517,-0.054678112268447876,9.818527221679688
420,0.013407488353550434,-0.04977504909038544,9.817428588867188
421,0.007155957631766796,-0.04763595759868622,9.814461708068848
422,0.013683242723345757,-0.05152731016278267,9.819403648376465
423,0.006878665182739496,-0.04794575273990631,9.817203521728516
424,0.012478477321565151,-0.03850540146231651,9.82158374786377
425,0.009351484477519989,-0.03993327543139458,9.815253257751465
426,0.004508233163505793,-0.032899681478738785,9.816447257995605
427,0.008402076549828053,-0.03376203402876854,9.82064437866211
428,0.011169114150106907,-0.027472032234072685,9.819130897521973
429,0.0063073718920350075,-0.026930510997772217,9.820225715637207
430,0.0024661782663315535,-0.02493012696504593,9.82260799407959
431,0.004831857513636351,-0.02313319593667984,9.822028160095215
432,0.005808346904814243,-0.020103855058550835,9.82340145111084
433,0.0018302971730008721,-0.02065298892557621,9.822656631469727
434,0.001728647155687213,-0.01582544669508934,9.818806648254395
435,0.004292304627597332,-0.019993407651782036,9.821539878845215
436,0.0028112768195569515,-0.024065906181931496,9.821182250976562
437,0.004225213546305895,-0.02116708643734455,9.818643569946289
438,-0.005929657258093357,-0.01538819819688797,9.821510314941406
439,-0.004386165179312229,-0.018260156735777855,9.816435813903809
440,-0.006659087259322405,-0.013307112269103527,9.8217134475708
441,-0.0085362009704113,-0.0173787884414196,9.819680213928223
442,-0.00924057886004448,-0.015888500958681107,9.824336051940918
443,-0.011569591239094734,-0.013683894649147987,9.817262649536133
444,-0.004612016025930643,-0.011561455205082893,9.82016658782959
445,-0.009799381718039513,-0.017124414443969727,9.826211929321289
446,-0.00988626666367054,-0.008769755251705647,9.816285133361816
447,-0.012624477036297321,-0.01299044955521822,9.822677612304688
448,-0.010224936529994011,-0.00884103961288929,9.821656227111816
449,-0.009898953139781952,-0.013459727168083191,9.819174766540527
450,-0.006510509178042412,-0.008827241137623787,9.823230743408203
451,-0.009222430177032948,-0.008895767852663994,9.822256088256836
452,-0.008536402136087418,-0.008673545904457569,9.825465202331543
453,-0.009199589490890503,-0.005855840165168047,9.82284164428711
454,-0.010237173177301884,-0.007199338637292385,9.817998886108398
455,0.0008750365814194083,-0.010648413561284542,9.816783905029297
456,-0.0022592414170503616,-0.008367305621504784,9.818339347839355
457,-0.008572607301175594,-0.009176221676170826,9.817778587341309
458,-0.005722720641642809,-0.0077898744493722916,9.824481964111328
459,-0.009445682168006897,-0.002185103017836809,9.814614295959473
460,-0.007111596874892712,-0.007895777933299541,9.819038391113281
461,-0.004317174199968576,-0.011873704381287098,9.820011138916016
462,-0.00855953712016344,-0.00025668455054983497,9.824254035949707
463,-0.0044323960319161415,-0.0002601039595901966,9.825094223022461
464,-0.014904243871569633,0.0013428101083263755,9.819860458374023
465,-0.007171394769102335,0.0018451802898198366,9.82584285736084
466,-0.011536188423633575,-0.0032024611718952656,9.822999000549316
467,-0.010399596765637398,0.0006524864002130926,9.831238746643066
468,-0.012537957169115543,0.00043421023292467,9.8226957321167
469,-0.004701473284512758,0.0031289816834032536,9.825502395629883
470,-0.01068792399019003,0.00033027553581632674,9.825226783752441
471,-0.010572114959359169,-0.000832611694931984,9.831159591674805
472,-0.014930984936654568,0.001662121620029211,9.827458381652832
473,-0.015493994578719139,-0.0024213113356381655,9.828853607177734
474,-0.01607770472764969,-0.0031761485151946545,9.832230567932129
475,-0.013505618087947369,-0.0012498297728598118,9.829693794250488
476,-0.014010535553097725,-0.0023182991426438093,9.82690143585205
477,-0.006244426593184471,0.0025860255118459463,9.82559585571289
478,-0.011452057398855686,-0.0013715778477489948,9.824453353881836
479,-0.008700458332896233,-0.00738380616530776,9.827857971191406
480,-0.007803750224411488,-0.002083122730255127,9.830543518066406
481,-0.01418111752718687,0.002609616843983531,9.830470085144043
482,-0.011628426611423492,-0.0013587079010903835,9.831972122192383
483,-0.0059977686032652855,0.009877907112240791,9.829750061035156
484,-0.013375792652368546,0.004181039985269308,9.826006889343262
485,-0.009824608452618122,-3.2511059544049203e-05,9.830373764038086
486,-0.007737656123936176,0.0016941203502938151,9.828751564025879
487,-0.01117933914065361,0.0022568150889128447,9.834083557128906
488,-0.004273706581443548,0.002216327004134655,9.830802917480469
489,-0.004315244499593973,0.004852162208408117,9.834366798400879
490,-0.0101771280169487,0.0041451044380664825,9.825748443603516
491,-0.013457534834742546,0.0028002976905554533,9.834306716918945
492,-0.00503869354724884,0.0045029036700725555,9.834976196289062
493,-0.005487024784088135,0.009297776035964489,9.827651977539062
494,-0.006462054792791605,0.006584413815289736,9.832067489624023
495,-0.006050858646631241,0.012279344722628593,9.832674026489258
496,-0.012162170372903347,0.008287137374281883,9.831441879272461
497,-0.009872596710920334,0.012340406887233257,9.833526611328125
498,-0.008613971062004566,0.010767374187707901,9.830777168273926
499,-0.01578664407134056,0.01440707128494978,9.828476905822754
500,-0.018300067633390427,0.017515162006020546,9.830118179321289
501,-0.016416532918810844,0.013217017985880375,9.831650733947754
502,-0.01124559622257948,0.013807911425828934,9.834869384765625
503,-0.014937720261514187,0.015209575183689594,9.838655471801758
504,-0.011267131194472313,0.01647164672613144,9.834148406982422
505,-0.01558228861540556,0.022201940417289734,9.83203125
506,-0.019427331164479256,0.020499275997281075,9.836206436157227
507,-0.014477993361651897,0.01548400055617094,9.833428382873535
508,-0.016842497512698174,0.02063249796628952,9.82951545715332
509,-0.018915986642241478,0.012820474803447723,9.839111328125
510,-0.012057281099259853,0.01690281741321087,9.836565971374512
511,-0.010139208287000656,0.02443331480026245,9.833600997924805
512,-0.006371437106281519,0.01726619340479374,9.838480949401855
513,-0.012117626145482063,0.020387228578329086,9.839733123779297
514,-0.009564045816659927,0.014039343222975731,9.840177536010742
515,-0.008182669058442116,0.01740863174200058,9.83879566192627
516,-0.009446213021874428,0.01939224824309349,9.836316108703613
517,-0.013502398505806923,0.01795293018221855,9.837300300598145
518,-0.01635274477303028,0.020361050963401794,9.837577819824219
519,-0.011957822367548943,0.012945902533829212,9.84024715423584
520,-0.018605254590511322,0.015897834673523903,9.846770286560059
521,-0.019829202443361282,0.009813248179852962,9.839910507202148
522,-0.017979389056563377,0.0108308931812644,9.838685035705566
523,-0.01897123083472252,0.004380015190690756,9.834715843200684
524,-0.01997230015695095,0.010224963538348675,9.83437728881836
525,-0.02121785283088684,2.3845267295837402,9.83761978149414
526,-0.01985211670398712,2.2601723670959473,9.841367721557617
527,-0.01766306161880493,2.1435017585754395,9.839686393737793
528,-0.013919191434979439,4.416439533233643,9.845587730407715
529,-0.020411279052495956,4.200036525726318,9.839214324951172
530,-0.018940558657050133,4.0014729499816895,9.835664749145508
531,-0.012911120429635048,3.8265628814697266,9.838601112365723
532,-0.01910943165421486,3.6463980674743652,9.836187362670898
533,-0.02146744728088379,3.4918360710144043,9.842044830322266
534,-0.016189564019441605,3.34242844581604,9.836817741394043
535,-0.013857858255505562,3.200244903564453,9.839824676513672
536,-0.013017581775784492,3.0719692707061768,9.836066246032715
537,-0.01788065768778324,2.945918083190918,9.841320037841797
538,-0.01862497255206108,2.839698314666748,9.834824562072754
539,-0.013368874788284302,2.739769458770752,9.832925796508789
540,-0.020453810691833496,2.643702983856201,9.840310096740723
541,-0.01863856427371502,2.5472896099090576,9.834856033325195
542,-0.015029107220470905,2.4531404972076416,9.838422775268555
543,-0.01697935163974762,2.3740580081939697,9.83588981628418
544,-0.011705069802701473,2.290768623352051,9.831046104431152
545,-0.009751588106155396,2.2206592559814453,9.840980529785156
546,-0.012777783907949924,2.135502576828003,9.841365814208984
547,-0.016718273982405663,2.059969902038574,9.835915565490723
548,-0.008796920999884605,1.9821226596832275,9.833442687988281
549,-0.0110630439594388,1.9095886945724487,9.82907772064209
550,-0.015543528832495213,1.844049096107483,9.831217765808105
551,-0.017652472481131554,1.7692850828170776,9.832347869873047
552,-0.014313739724457264,1.6987762451171875,9.83653450012207
553,-0.01129207480698824,1.6329749822616577,9.836034774780273
554,-0.015518305823206902,1.565199851989746,9.832405090332031
555,-0.018723636865615845,1.506356120109558,9.830957412719727
556,-0.021091697737574577,1.445630669593811,9.83218002319336
557,-0.017802398651838303,1.3825379610061646,9.829756736755371
558,-0.01415396761149168,1.3236644268035889,9.828660011291504
559,-0.012418213300406933,1.2660174369812012,9.838269233703613
560,-0.018311109393835068,1.2091059684753418,9.832676887512207
561,-0.02033405937254429,1.1513848304748535,9.8353910446167
562,-0.014970134012401104,1.1031322479248047,9.833846092224121
563,-0.01776920072734356,1.0538299083709717,9.834626197814941
564,-0.020221391692757607,1.0079898834228516,9.839905738830566
565,-0.016407610848546028,0.9635317921638489,9.830081939697266
566,-0.021134162321686745,0.9208807349205017,9.838088035583496
567,-0.013612690381705761,0.8810092806816101,9.833559036254883
568,-0.015701130032539368,0.835479199886322,9.834026336669922
569,-0.02082189917564392,0.79529869556427,9.839374542236328
570,-0.0187525637447834,0.7654658555984497,9.837480545043945
571,-0.015218989923596382,0.7297507524490356,9.841809272766113
572,-0.014524550177156925,0.6937850117683411,9.844256401062012
573,-0.018994757905602455,0.6674073934555054,9.848938941955566
574,-0.024135177955031395,0.6228480935096741,9.84698486328125
575,-0.028092270717024803,0.597006618976593,9.84445858001709
576,-0.021674614399671555,0.576178789138794,9.841814994812012
577,-0.021605398505926132,0.54852694272995,9.841317176818848
578,-0.02317291498184204,0.5137357711791992,9.843461036682129
579,-0.01772090047597885,0.49914494156837463,9.842328071594238
580,-0.022394128143787384,0.46578261256217957,9.84263801574707
581,-0.021853692829608917,0.4489761292934418,9.846096992492676
582,-0.022351404651999474,0.42590874433517456,9.840617179870605
583,-0.025504237040877342,0.4058866798877716,9.83995532989502
584,-0.02412397414445877,0.38554611802101135,9.84087085723877
585,-0.02149069681763649,0.3665512204170227,9.83713436126709
586,-0.02652878686785698,0.34942102432250977,9.843938827514648
587,-0.02412579394876957,0.3329165279865265,9.84139347076416
588,-0.022886481136083603,0.32502904534339905,9.840572357177734
589,-0.023660365492105484,0.2956291139125824,9.843976974487305
590,-0.025483541190624237,0.28838786482810974,9.839767456054688
591,-0.024774253368377686,0.27413952350616455,9.838744163513184
592,-0.03012951835989952,0.26206886768341064,9.837797164916992
593,-0.02187216281890869,0.2447068989276886,9.836299896240234
594,-0.025872332975268364,0.23533746600151062,9.837422370910645
595,-0.0230832789093256,0.21783217787742615,9.836380958557129
596,-0.0207357294857502,0.2054651975631714,9.838884353637695
597,-0.017677651718258858,0.20201781392097473,9.839364051818848
598,-0.02258722297847271,0.19019092619419098,9.84013843536377
599,-0.020793650299310684,0.18236684799194336,9.836813926696777
600,-0.022449038922786713,0.1676018238067627,9.838264465332031
601,-0.023851413279771805,0.16525425016880035,9.835824966430664
602,-0.031055953353643417,0.15260694921016693,9.841573715209961
603,-0.02936343289911747,0.14851656556129456,9.837485313415527
604,-0.025108063593506813,0.14348380267620087,9.833393096923828
605,-0.025268396362662315,0.1357378363609314,9.83410930633545
606,-0.026782535016536713,0.1270151436328888,9.828519821166992
607,-0.01988154463469982,0.11735808849334717,9.836458206176758
608,-0.027263082563877106,0.11457249522209167,9.832514762878418
609,-0.032044149935245514,0.10955655574798584,9.832525253295898
610,-0.02870660461485386,0.09636151045560837,9.836058616638184
611,-0.030961625277996063,0.09443437308073044,9.836416244506836
612,-0.03164735436439514,0.08848624676465988,9.840974807739258
613,-0.023280950263142586,0.08613982051610947,9.83763313293457
614,-0.021110953763127327,0.07691036909818649,9.840526580810547
615,-0.0265487227588892,0.07449379563331604,9.831991195678711
616,-0.03449526056647301,0.06921135634183884,9.833033561706543
617,-0.028581976890563965,0.06593737751245499,9.830403327941895
618,-0.024546107277274132,0.06234564632177353,9.833267211914062
619,-0.027506740763783455,0.05950644239783287,9.836153030395508
620,-0.02779070846736431,0.05633741244673729,9.843567848205566
621,-0.02803722769021988,0.050191570073366165,9.838150024414062
622,-0.028337327763438225,0.05095215514302254,9.842740058898926
623,-0.029117463156580925,0.047754522413015366,9.829444885253906
624,-0.031555961817502975,0.04112521931529045,9.843637466430664
625,-0.031227149069309235,0.04560680687427521,9.845686912536621
626,-0.02920297533273697,0.042309559881687164,9.840357780456543
627,-0.02712496742606163,0.0375245101749897,9.843422889709473
628,-0.02997300587594509,0.03185061737895012,9.843059539794922
629,-0.029798120260238647,0.03641938418149948,9.84596061706543
630,-0.023054521530866623,0.03347750008106232,9.843368530273438
631,-0.03064786083996296,0.029956676065921783,9.834918975830078
632,-0.031847741454839706,0.03344773128628731,9.834553718566895
633,-0.028431454673409462,0.025849152356386185,9.84057903289795
634,-0.027275172993540764,0.028847815468907356,9.84082317352295
635,-0.024935096502304077,0.03003166988492012,9.840091705322266
636,-0.028827408328652382,0.022981341928243637,9.842912673950195
637,-0.023456191644072533,0.027458369731903076,9.839486122131348
638,-0.02629774436354637,0.024932943284511566,9.834969520568848
639,-0.022412199527025223,0.025457128882408142,9.83767032623291
640,-0.027622796595096588,0.024668483063578606,9.838401794433594
641,-0.027974678203463554,0.025014562532305717,9.836076736450195
642,-0.025028005242347717,0.02565971575677395,9.828740119934082
643,-0.025760600343346596,0.022041207179427147,9.83157730102539
644,-0.029253020882606506,0.023447515442967415,9.830862998962402
645,-0.02972126379609108,0.017131241038441658,9.838873863220215
646,-0.028901733458042145,0.020236218348145485,9.84023666381836
647,-0.03284120187163353,0.022155562415719032,9.832185745239258
648,-0.0334126241505146,0.015816740691661835,9.833601951599121
649,-0.03271310776472092,0.016109930351376534,9.833176612854004
650,-0.03932410478591919,0.01860700733959675,9.834529876708984
651,-0.03432246670126915,0.010435031726956367,9.836222648620605
652,-0.037326619029045105,0.016770167276263237,9.8294038772583
653,-0.03319914638996124,0.019586006179451942,9.832350730895996
654,-0.032529979944229126,0.01304169837385416,9.8258695602417
655,-0.0338083878159523,0.013839094899594784,9.828577995300293
656,-0.032537396997213364,0.017369553446769714,9.831557273864746
657,-0.04205293953418732,0.01446580421179533,9.836597442626953
658,-0.0354103147983551,0.0068973093293607235,9.829863548278809
659,-0.03448619693517685,0.006834948435425758,9.83038330078125
660,-0.03465428203344345,0.006774012465029955,9.833182334899902
661,-0.028442736715078354,0.005173696670681238,9.833908081054688
662,-0.039140015840530396,0.009598876349627972,9.833988189697266
663,-0.03492940962314606,-0.0018017542315647006,9.831427574157715
664,-0.03347877785563469,0.000857437786180526,9.834900856018066
665,-0.03553173691034317,-0.0004008124815300107,9.836650848388672
666,-0.03485924005508423,-0.002986893057823181,9.836003303527832
667,-0.03296159580349922,-0.0025247845333069563,9.830766677856445
668,-0.030940331518650055,0.000453961081802845,9.83585262298584
669,-0.033750563859939575,-0.0015781787224113941,9.829987525939941
670,-0.029737766832113266,-0.005963924340903759,9.823923110961914
671,-0.03438660502433777,-0.006095995660871267,9.823101043701172
672,-0.028438957408070564,0.004802602808922529,9.830401420593262
673,-0.030620792880654335,-0.0015239993808791041,9.821819305419922
674,-0.023734623566269875,-0.003218436148017645,9.828010559082031
675,-0.0346873439848423,-0.003640309441834688,9.825226783752441
676,-0.029455527663230896,-0.01038545835763216,9.831084251403809
677,-0.03143380954861641,-0.012091227807104588,9.834604263305664
678,-0.02967192977666855,-0.005423032213002443,9.83053207397461
679,-0.03793089836835861,-0.006949142552912235,9.835089683532715
680,-0.03941437602043152,-0.008760913275182247,9.831494331359863
681,-0.03340747207403183,-0.009430243633687496,9.831005096435547
682,-0.03756805509328842,-0.010976511053740978,9.833258628845215
683,-0.04061190038919449,-0.00976282637566328,9.83181381225586
684,-0.038116805255413055,-0.013210737146437168,9.838719367980957
685,-0.03728741407394409,-0.012759888544678688,9.836333274841309
686,-0.03634421154856682,-0.010426269844174385,9.839122772216797
687,-0.0446503721177578,-0.004925868473947048,9.840700149536133
688,-0.03846169635653496,-0.010366366244852543,9.839801788330078
689,-0.03944320231676102,-0.008329064585268497,9.831001281738281
690,-0.0423850417137146,-0.0029530609026551247,9.835210800170898
691,-0.03695168346166611,-0.005410120356827974,9.833927154541016
692,-0.03748441860079765,-0.006255506072193384,9.835902214050293
693,-0.04069194197654724,-0.01448867004364729,9.834763526916504
694,-0.0347333624958992,-0.009095897898077965,9.831294059753418
695,-0.04084698483347893,-0.0030360077507793903,9.832704544067383
696,-0.04374499246478081,-0.005251863040030003,9.836723327636719
697,-0.03821462765336037,-0.005793306510895491,9.833856582641602
698,-0.04789547994732857,-0.0037448524963110685,9.839391708374023
699,-0.04101737588644028,-0.006976606324315071,9.839682579040527
700,-0.0424768440425396,-0.00716968160122633,9.83690357208252
701,-0.03650014474987984,-0.0032161858398467302,9.836493492126465
702,-0.03902069106698036,-0.008369655348360538,9.839254379272461
703,-0.03955182060599327,-0.010806151665747166,9.837894439697266
704,-0.03535173460841179,-0.010306446813046932,9.840347290039062
705,-0.03864031285047531,-0.015886766836047173,9.83337688446045
706,-0.035528309643268585,-0.010123682208359241,9.838311195373535
707,-0.03127334639430046,-0.011205756105482578,9.836036682128906
708,-0.030987415462732315,-0.009915866889059544,9.837180137634277
709,-0.030526455491781235,-0.011153170838952065,9.837823867797852
710,-0.03226836025714874,-0.007766601629555225,9.841279029846191
711,-0.03435893356800079,-0.013193037360906601,9.836645126342773
712,-0.03333979472517967,-0.010655909776687622,9.840245246887207
713,-0.03349535912275314,-0.006722613703459501,9.83514404296875
714,-0.0384405255317688,-0.007087899837642908,9.837163925170898
715,-0.03293786942958832,-0.0019247554009780288,9.836542129516602
716,-0.02801867574453354,0.0010684076696634293,9.844847679138184
717,-0.026471475139260292,-0.0002688483218662441,9.838560104370117
718,-0.027842408046126366,-0.002189973136410117,9.837454795837402
719,-0.02698086015880108,-0.010860520415008068,9.83889102935791
720,-0.021689673885703087,-0.0066324989311397076,9.837462425231934
721,-0.026105139404535294,-0.007155437953770161,9.837285995483398
722,-0.024111438542604446,-0.008670632727444172,9.833450317382812
723,-0.01376077625900507,-0.004519263282418251,9.839999198913574
724,-0.02017395757138729,-0.006536658387631178,9.836000442504883
725,-0.01702953688800335,-0.002223289106041193,9.830617904663086
726,-0.020525965839624405,-0.004450998734682798,9.834356307983398
727,-0.020999018102884293,-0.001635342021472752,9.832219123840332
728,-0.016346152871847153,-0.011764626950025558,9.828248023986816
729,-0.019066328182816505,-0.006979400757700205,9.832247734069824
730,-0.018374128267169,-0.005841207690536976,9.831854820251465
731,-0.017195744439959526,-0.008930125273764133,9.830429077148438
732,-0.014058172702789307,-0.015977907925844193,9.83055305480957
733,-0.014275886118412018,-0.013225746341049671,9.828332901000977
734,-0.017384201288223267,-0.01485417690128088,9.83215618133545
735,-0.017342928797006607,-0.019058408215641975,9.836167335510254
736,-0.021303601562976837,-0.011754225939512253,9.835325241088867
737,-0.02361021190881729,-0.015415920875966549,9.831984519958496
738,-0.014356997795403004,-0.014629846438765526,9.829976081848145
739,-0.021565577015280724,-0.023482071235775948,9.828775405883789
740,-0.027040664106607437,-0.022607238963246346,9.826108932495117
741,-0.03147627413272858,-0.025101635605096817,9.82455825805664
742,-0.026824291795492172,-2.399866819381714,9.829751014709473
743,-2.4059858322143555,-2.2691879272460938,9.816693305969238
744,-2.304105281829834,-2.1608824729919434,9.825499534606934
745,-2.210792303085327,-2.0549745559692383,9.821659088134766
746,-2.124423027038574,-1.9562954902648926,9.816344261169434
747,-2.043283700942993,-1.8628880977630615,9.822279930114746
748,-1.9594565629959106,-1.7801305055618286,9.823383331298828
749,-1.8916281461715698,-1.69309401512146,9.824578285217285
750,-1.8122997283935547,-1.6250498294830322,9.821050643920898
751,-1.7383381128311157,-1.551320195198059,9.825591087341309
752,-1.6802464723587036,-1.4917559623718262,9.819010734558105
753,-1.6067006587982178,-1.4190611839294434,9.821901321411133
754,-1.5492935180664062,-1.3669285774230957,9.815788269042969
755,-1.4846268892288208,-1.3156471252441406,9.819247245788574
756,-1.4327340126037598,-1.2639631032943726,9.81620979309082
757,-1.3734411001205444,-1.216802716255188,9.818846702575684
758,-1.3179012537002563,-1.1593056917190552,9.815269470214844
759,-1.269608736038208,-1.118639588356018,9.818278312683105
760,-1.2192058563232422,-1.0788735151290894,9.81421947479248
761,-1.166993498802185,-1.0358673334121704,9.813108444213867
762,-1.1231880187988281,-0.9956669807434082,9.816381454467773
763,-1.0790878534317017,-0.9628146290779114,9.820624351501465
764,-1.0331131219863892,-0.923984944820404,9.818458557128906
765,-0.9915596842765808,-0.8852318525314331,9.813711166381836
766,-0.9471398591995239,-0.8574597835540771,9.813923835754395
767,-0.9111456871032715,-0.8197550773620605,9.816030502319336
768,-0.8637604117393494,-0.8008571863174438,9.822686195373535
769,-0.8293605446815491,-0.7613801956176758,9.821878433227539
770,-0.7976468205451965,-0.7291199564933777,9.817221641540527
771,-0.7690553069114685,-0.7036163806915283,9.810993194580078
772,-0.7292011976242065,-0.6788402199745178,9.822335243225098
773,-0.702174961566925,-0.6571835875511169,9.813291549682617
774,-0.6646662950515747,-0.6360092163085938,9.81762981414795
775,-0.6363914608955383,-0.6077074408531189,9.81960678100586
776,-0.6062082648277283,-0.5839734673500061,9.819579124450684
777,-0.5795832872390747,-0.5588520169258118,9.82106876373291
778,-0.5593985319137573,-0.5388773679733276,9.818456649780273
779,-0.5373573303222656,-0.5277389883995056,9.814072608947754
780,-0.5086975693702698,-0.50506591796875,9.814043998718262
781,-0.48242685198783875,-0.48333320021629333,9.816446304321289
782,-0.46473240852355957,-0.46460625529289246,9.816854476928711
783,-0.4422830045223236,-0.4467453360557556,9.817290306091309
784,-0.42713987827301025,-0.424655020236969,9.823992729187012
785,-0.40491795539855957,-0.41231516003608704,9.818429946899414
786,-0.38609787821769714,-0.39826732873916626,9.812960624694824
787,-0.3738821744918823,-0.3828301429748535,9.817739486694336
788,-0.35190311074256897,-0.3736737072467804,9.814023971557617
789,-0.3411500155925751,-0.3542339503765106,9.818073272705078
790,-0.3315972685813904,-0.34537360072135925,9.818319320678711
791,-0.31819549202919006,-0.32550522685050964,9.823755264282227
792,-0.29807180166244507,-0.31205523014068604,9.82289981842041
793,-0.28615474700927734,-0.29925337433815,9.822993278503418
794,-0.2777666449546814,-0.29177382588386536,9.827828407287598
795,-0.26430240273475647,-0.27936697006225586,9.823832511901855
796,-0.2504511773586273,-0.270256370306015,9.822237968444824
797,-0.2444171905517578,-0.259021520614624,9.82140827178955
798,-0.23324181139469147,-0.24879586696624756,9.818126678466797
799,-0.22343118488788605,-0.24337810277938843,9.821969985961914
800,-0.21519270539283752,-0.23689351975917816,9.823981285095215
801,-0.20833733677864075,-0.22540053725242615,9.822527885437012
802,-0.19568924605846405,-0.21950337290763855,9.829681396484375
803,-0.1862621158361435,-0.21331752836704254,9.825224876403809
804,-0.17847290635108948,-0.20810814201831818,9.817981719970703
805,-0.1671988070011139,-0.192939892411232,9.82810115814209
806,-0.16022489964962006,-0.18823938071727753,9.82656192779541
807,-0.1573776751756668,-0.18121536076068878,9.823677062988281
808,-0.1468580961227417,-0.17590998113155365,9.827638626098633
809,-0.1453300416469574,-0.1677583009004593,9.82468318939209
810,-0.13762007653713226,-0.16213178634643555,9.829572677612305
811,-0.1338563710451126,-0.15350794792175293,9.831759452819824
812,-0.12502899765968323,-0.15760928392410278,9.829377174377441
813,-0.11969568580389023,-0.1470056176185608,9.832728385925293
814,-0.1160636693239212,-0.14935402572155,9.828516006469727
815,-0.11351809650659561,-0.1476505696773529,9.826689720153809
816,-0.10946489125490189,-0.1400703340768814,9.829649925231934
817,-0.10584896802902222,-0.13537508249282837,9.827454566955566
818,-0.10177167505025864,-0.13363222777843475,9.830178260803223
819,-0.09376879036426544,-0.1301545649766922,9.829026222229004
820,-0.09407375752925873,-0.12011802196502686,9.826302528381348
821,-0.097959965467453,-0.12479134649038315,9.825427055358887
822,-0.08739221096038818,-0.11823271214962006,9.824837684631348
823,-0.08948491513729095,-0.12020338326692581,9.818827629089355
824,-0.08151819556951523,-0.11169926077127457,9.821979522705078
825,-0.0801645964384079,-0.11167438328266144,9.828996658325195
826,-0.07440193742513657,-0.10686703026294708,9.827404022216797
827,-0.07251635193824768,-0.10316935181617737,9.82667350769043
828,-0.0700438916683197,-0.09423671662807465,9.821656227111816
829,-0.06689801067113876,-0.0996766909956932,9.825173377990723
830,-0.06664291769266129,-0.09122242033481598,9.823780059814453
831,-0.06706929951906204,-0.0892026498913765,9.821155548095703
832,-0.05975133553147316,-0.08844201266765594,9.821113586425781
833,-0.06332383304834366,-0.08213347941637039,9.819500923156738
834,-0.06123672425746918,-0.0832780972123146,9.82047176361084
835,-0.06003230810165405,-0.07517851144075394,9.82294750213623
836,-0.059651561081409454,-0.07418398559093475,9.823939323425293
837,-0.056951966136693954,-0.0773441269993782,9.82370662689209
838,-0.05526357144117355,-0.07083960622549057,9.82429027557373
839,-0.05346198007464409,-0.07009267807006836,9.823616981506348
840,-0.052006229758262634,-0.06922440975904465,9.825690269470215
841,-0.04841813072562218,-0.05807414650917053,9.823847770690918
842,-0.0491345040500164,-0.05829286202788353,9.82479476928711
843,-0.05036076158285141,-0.05861593782901764,9.829907417297363
844,-0.047759201377630234,-0.054973140358924866,9.817468643188477
845,-0.04770222678780556,-0.05178998410701752,9.819296836853027
846,-0.04349035769701004,-0.0559433251619339,9.82177448272705
847,-0.044643256813287735,-0.05509992688894272,9.82180404663086
848,-0.050450969487428665,-0.045059751719236374,9.825891494750977
849,-0.04797498881816864,-0.04042922705411911,9.822566032409668
850,-0.043131258338689804,-0.04780632257461548,9.821537017822266
851,-0.04649484157562256,-0.04004988446831703,9.819807052612305
852,-0.04603416100144386,-0.046865757554769516,9.818863868713379
853,-0.04308338090777397,-0.05079120397567749,9.816705703735352
854,-0.04304240643978119,-0.04547644034028053,9.821341514587402
855,-0.04269725829362869,-0.038951169699430466,9.81787395477295
856,-0.0403403602540493,-0.037664126604795456,9.816309928894043
857,-0.03994666412472725,-0.03738053888082504,9.813986778259277
858,-0.04085821285843849,-0.04791422188282013,9.8198823928833
859,-0.04132484272122383,-0.04356016591191292,9.819587707519531
860,-0.03920497000217438,-0.049024928361177444,9.812610626220703
861,-0.03525618091225624,-0.044006768614053726,9.81779956817627
862,-0.038342494517564774,-0.04306599125266075,9.822988510131836
863,-0.03653652220964432,-0.04075690358877182,9.820219993591309
864,-0.03895875811576843,-0.03936294838786125,9.820919036865234
865,-0.042103398591279984,-0.037935830652713776,9.825504302978516
866,-0.035498328506946564,-0.03519323095679283,9.819092750549316
867,-0.032850801944732666,-0.03550959751009941,9.8174409866333
868,-0.03946902975440025,-0.03684624657034874,9.812554359436035
869,-0.03527921438217163,-0.03759106248617172,9.817230224609375
870,-0.03359469026327133,-0.031480513513088226,9.817085266113281
871,-0.036830779165029526,-0.030210193246603012,9.817320823669434
872,-0.03547016158699989,-0.034359563142061234,9.818581581115723
873,-0.03789134696125984,-0.03489147126674652,9.815735816955566
874,-0.03706780821084976,-0.03489545360207558,9.818678855895996
875,-0.036898814141750336,-0.03406824171543121,9.818108558654785
876,-0.03889067471027374,-0.03179280087351799,9.816834449768066
877,-0.03338196501135826,-0.03170688450336456,9.819671630859375
878,-0.034624963998794556,-0.03301965445280075,9.815544128417969
879,-0.03332404047250748,-0.027531158179044724,9.815988540649414
880,-0.030974913388490677,-0.02929137460887432,9.815163612365723
881,-0.030165379866957664,-0.03324827551841736,9.81770133972168
882,-0.032343365252017975,-0.030536049976944923,9.815263748168945
883,-0.032328732311725616,-0.03093770518898964,9.8125
884,-0.02348814718425274,-0.026368437334895134,9.816719055175781
885,-0.02958986908197403,-0.022257080301642418,9.811086654663086
886,-0.02232985384762287,-0.03111991100013256,9.81787395477295
887,-0.018756305798888206,-0.02443348988890648,9.81749439239502
888,-0.022810988128185272,-0.021980013698339462,9.818531036376953
889,-0.025940777733922005,-0.018912049010396004,9.821785926818848
890,-0.026029497385025024,-0.021652143448591232,9.81386947631836
891,-0.02017275243997574,-0.015904884785413742,9.817105293273926
892,-0.02300538681447506,-0.020937813445925713,9.82220458984375
893,-0.029805224388837814,-0.01754349283874035,9.81447696685791
894,-0.025091150775551796,-0.017347082495689392,9.810187339782715
895,-0.026659321039915085,-0.01612108387053013,9.813214302062988
896,-0.021256644278764725,-0.00751879345625639,9.809338569641113
897,-0.029772179201245308,-0.013077612034976482,9.807297706604004
898,-0.021900933235883713,-0.011682904325425625,9.81588363647461
899,-0.023158764466643333,-0.013180489651858807,9.80612850189209
900,-0.021299438551068306,-0.014646711759269238,9.809398651123047
901,-0.02712160348892212,-0.017955536022782326,9.80406665802002
902,-0.026476705446839333,-0.01784960925579071,9.813405990600586
903,-0.02339113876223564,-0.01996949501335621,9.807045936584473
904,-0.0256318598985672,-0.022007303312420845,9.805033683776855
905,-0.03063143417239189,-0.01795545406639576,9.80758285522461
906,-0.03874994441866875,-0.01567569375038147,9.804543495178223
907,-0.0311615951359272,-0.017740631476044655,9.809882164001465
908,-0.03148970380425453,-0.02134687826037407,9.810983657836914
909,-0.020482776686549187,-0.01901382766664028,9.804984092712402
910,-0.02441864088177681,-0.021895455196499825,9.808377265930176
911,-0.019098689779639244,-0.02507944218814373,9.81444263458252
912,-0.021670836955308914,-0.025444716215133667,9.815352439880371
913,-0.026154451072216034,-0.021136555820703506,9.822542190551758
914,-0.018921291455626488,-0.019289979711174965,9.815075874328613
915,-0.01820473000407219,-0.018694167956709862,9.811956405639648
916,-0.02068948931992054,-0.01778664067387581,9.815573692321777
917,-0.01695220172405243,-0.015644824132323265,9.817572593688965
918,-0.019960423931479454,-0.011127620004117489,9.82363510131836
919,-0.015555979683995247,-0.019756605848670006,9.820611000061035
920,-0.01836101897060871,-0.015488998033106327,9.817313194274902
921,-0.02359519712626934,-0.018391503021121025,9.81391429901123
922,-0.02486182376742363,-0.01346681173890829,9.81103515625
923,-0.02096547745168209,-0.013767760246992111,9.813339233398438
924,-0.02001909539103508,-0.008400514721870422,9.809906959533691
925,-0.0220196470618248,-0.013710993342101574,9.80898666381836
926,-0.017958147451281548,-0.010273256339132786,9.806268692016602
927,-0.022233767434954643,-0.015731167048215866,9.810388565063477
928,-0.019072072580456734,-0.012132957577705383,9.81142520904541
929,-0.019608477130532265,-0.011578675359487534,9.806424140930176
930,-0.015251304022967815,-0.01330474577844143,9.810333251953125
931,-0.018553242087364197,-0.008472712710499763,9.811959266662598
932,-0.023949947208166122,-0.012619745917618275,9.809052467346191
933,2.3557417392730713,-0.013329984620213509,9.810873031616211
934,4.611735820770264,-0.008159675635397434,9.80875301361084
935,4.377347946166992,-0.006413644179701805,9.813887596130371
936,4.161060810089111,-0.01171795092523098,9.806498527526855
937,3.9603824615478516,-0.0078110285103321075,9.80986499786377
938,3.777369260787964,-0.00895372498780489,9.809187889099121
939,3.604074478149414,-0.010151291266083717,9.806479454040527
940,3.449317455291748,-0.011630107648670673,9.80564022064209
941,3.2993805408477783,-0.014388206414878368,9.80673885345459
942,3.1633665561676025,-0.01664523221552372,9.808455467224121
943,3.0351102352142334,-0.015966754406690598,9.811558723449707
944,2.9184913635253906,-0.014703232795000076,9.813220024108887
945,2.805166721343994,-0.017718132585287094,9.809191703796387
946,2.6964292526245117,-0.015901384875178337,9.810335159301758
947,2.603679895401001,-0.021699121221899986,9.8097562789917
948,2.5140581130981445,-0.021616972982883453,9.814849853515625
949,2.424393892288208,-0.02010924741625786,9.806868553161621
950,2.337785243988037,-0.01772438734769821,9.8151216506958
951,2.260952949523926,-0.026134861633181572,9.814811706542969
952,2.1766955852508545,-0.022785108536481857,9.810808181762695
953,2.100008010864258,-0.02271699719130993,9.809418678283691
954,-0.3552011549472809,-0.021681126207113266,9.813077926635742
955,-0.3364500105381012,-0.02227030321955681,9.812911987304688
956,-0.3338189423084259,-0.01929541677236557,9.809367179870605
957,-0.31946465373039246,-0.015102876350283623,9.814209938049316
958,-0.30768540501594543,-0.018937667831778526,9.814321517944336
959,-0.3059470057487488,-0.019962193444371223,9.809059143066406
960,-0.29629385471343994,-0.016662927344441414,9.809322357177734
961,-0.2831903398036957,-0.016985049471259117,9.811641693115234
962,-0.2732655704021454,-0.02134169079363346,9.81225299835205
963,-0.26890257000923157,-0.01777028478682041,9.810723304748535
964,-0.25658875703811646,-0.023964175954461098,9.817001342773438
965,-0.24861285090446472,-0.0175881739705801,9.811767578125
966,-0.24068720638751984,-0.019969195127487183,9.808526992797852
967,-0.23309993743896484,-0.02558450773358345,9.816581726074219
968,-0.2305065095424652,-0.025631269440054893,9.813934326171875
969,-0.22569698095321655,-0.026986587792634964,9.809027671813965
970,-0.21690237522125244,-0.02957351878285408,9.81100845336914
971,-0.2112380713224411,-0.025183115154504776,9.813119888305664
972,-0.20904649794101715,-0.03253232315182686,9.812945365905762
973,-0.2022750973701477,-0.027614017948508263,9.814736366271973
974,-0.20008333027362823,-0.030793871730566025,9.813218116760254
975,-0.18340732157230377,-2.4103078842163086,9.818275451660156
976,2.197507381439209,-2.3258469104766846,9.816596984863281
977,2.1169002056121826,-2.245812177658081,9.815301895141602
978,2.034130096435547,-2.1693503856658936,9.816288948059082
979,1.9511600732803345,-2.0850167274475098,9.821966171264648
980,1.8741068840026855,-2.0013351440429688,9.820615768432617
981,1.7956758737564087,-1.9304313659667969,9.81268310546875
982,1.7226366996765137,-1.852802038192749,9.8187255859375
983,1.6531312465667725,-1.783693790435791,9.81855583190918
984,1.5825661420822144,-1.7005397081375122,9.821173667907715
985,1.509404182434082,-1.6378823518753052,9.8185396194458
986,1.4432286024093628,-1.5630998611450195,9.82164192199707
987,1.3752144575119019,-1.4967001676559448,9.826395034790039
988,1.3098260164260864,-1.4283133745193481,9.826298713684082
989,1.2466754913330078,-1.3596612215042114,9.826912879943848
990,1.1840770244598389,-1.3055299520492554,9.821211814880371
991,1.1282668113708496,-1.237067699432373,9.822507858276367
992,1.0714402198791504,-1.1863406896591187,9.819764137268066
993,1.0166096687316895,-1.1308839321136475,9.820833206176758
994,0.971002459526062,-1.0783954858779907,9.817200660705566
995,0.9172472357749939,-1.0265827178955078,9.818209648132324
996,0.8779489398002625,-0.9765191078186035,9.821112632751465
997,0.8266814351081848,-0.9314431548118591,9.816725730895996
998,0.7862744927406311,-0.8855798840522766,9.819140434265137
999,0.7395448088645935,-0.8409854173660278,9.818148612976074
